id,name,read,pattern,sequence,feature_type,target_gene_id,target_gene_name
KLF10_-_103668072.23-P1,KLF10_-_103668072.23-P1,R2,(BC)GTTTAAGAGCTAAGCTGGAA,GGCGCCGGCCAATGGGCTCG,CRISPR Guide Capture,ENSG00000155090,KLF10
KLF10_-_103668064.23-P1,KLF10_-_103668064.23-P1,R2,(BC)GTTTAAGAGCTAAGCTGGAA,GTGTGTGAGGCGCCGGCCAA,CRISPR Guide Capture,ENSG00000155090,KLF10
KLF10_-_103667898.23-P1,KLF10_-_103667898.23-P1,R2,(BC)GTTTAAGAGCTAAGCTGGAA,GTGGCTGCTTGGCCACAGAC,CRISPR Guide Capture,ENSG00000155090,KLF10
ZBTB18_ATGGGGAGCCGTTGAGAGTG,ZBTB18_ATGGGGAGCCGTTGAGAGTG,R2,(BC)GTTTAAGAGCTAAGCTGGAA,GTGGGGAGCCGTTGAGAGTG,CRISPR Guide Capture,ENSG00000179456,ZBTB18
ZBTB18_CCATGGCAGCAGCCCAGCGG,ZBTB18_CCATGGCAGCAGCCCAGCGG,R2,(BC)GTTTAAGAGCTAAGCTGGAA,GCATGGCAGCAGCCCAGCGG,CRISPR Guide Capture,ENSG00000179456,ZBTB18
ZBTB18_GAAGAGGGCCCCACTCTCAA,ZBTB18_GAAGAGGGCCCCACTCTCAA,R2,(BC)GTTTAAGAGCTAAGCTGGAA,GAAGAGGGCCCCACTCTCAA,CRISPR Guide Capture,ENSG00000179456,ZBTB18
NR2E1_+_108487374.23-P1P2,NR2E1_+_108487374.23-P1P2,R2,(BC)GTTTAAGAGCTAAGCTGGAA,GAATCTTCCGAGGGAAGAGG,CRISPR Guide Capture,ENSG00000112333,NR2E1
NR2E1_-_108487507.23-P1P2,NR2E1_-_108487507.23-P1P2,R2,(BC)GTTTAAGAGCTAAGCTGGAA,GTCCTTGGGAGACCAGCGGT,CRISPR Guide Capture,ENSG00000112333,NR2E1
NR2E1_-_108487770.23-P1P2,NR2E1_-_108487770.23-P1P2,R2,(BC)GTTTAAGAGCTAAGCTGGAA,GAGAGCCGGGAAGAAACTTA,CRISPR Guide Capture,ENSG00000112333,NR2E1
VEZF1_-_56065595.23-P1P2,VEZF1_-_56065595.23-P1P2,R2,(BC)GTTTAAGAGCTAAGCTGGAA,GCAGCGGCGGCTCCTCAACA,CRISPR Guide Capture,ENSG00000136451,VEZF1
VEZF1_-_56065555.23-P1P2,VEZF1_-_56065555.23-P1P2,R2,(BC)GTTTAAGAGCTAAGCTGGAA,GGGAGGCGACAACAAAGCGG,CRISPR Guide Capture,ENSG00000136451,VEZF1
VEZF1_-_56065552.23-P1P2,VEZF1_-_56065552.23-P1P2,R2,(BC)GTTTAAGAGCTAAGCTGGAA,GGGAGGAGGCGACAACAAAG,CRISPR Guide Capture,ENSG00000136451,VEZF1
ZNF441_+_11877881.23-P1P2,ZNF441_+_11877881.23-P1P2,R2,(BC)GTTTAAGAGCTAAGCTGGAA,GAGAACCCGGAGCCCAGTGC,CRISPR Guide Capture,ENSG00000197044,ZNF441
ZNF441_-_11878061.23-P1P2,ZNF441_-_11878061.23-P1P2,R2,(BC)GTTTAAGAGCTAAGCTGGAA,GCGTGAGAGGAGAGACTGGT,CRISPR Guide Capture,ENSG00000197044,ZNF441
ZNF441_-_11877838.23-P1P2,ZNF441_-_11877838.23-P1P2,R2,(BC)GTTTAAGAGCTAAGCTGGAA,GAATCAGGCGCACTGACCGG,CRISPR Guide Capture,ENSG00000197044,ZNF441
NFIA_+_61548485.23-P1P2,NFIA_+_61548485.23-P1P2,R2,(BC)GTTTAAGAGCTAAGCTGGAA,GTCCACGCCGCGGCTTACCT,CRISPR Guide Capture,ENSG00000162599,NFIA
NFIA_-_61548230.23-P1P2,NFIA_-_61548230.23-P1P2,R2,(BC)GTTTAAGAGCTAAGCTGGAA,GTGGAGTGTAGGGAAACTCT,CRISPR Guide Capture,ENSG00000162599,NFIA
NFIA_-_61548500.23-P1P2,NFIA_-_61548500.23-P1P2,R2,(BC)GTTTAAGAGCTAAGCTGGAA,GGTCTCACCCAGGTAAGCCG,CRISPR Guide Capture,ENSG00000162599,NFIA
NFIB_+_14314559.23-P1P2,NFIB_+_14314559.23-P1P2,R2,(BC)GTTTAAGAGCTAAGCTGGAA,GTCGAGCGGGGTCCAGAGGG,CRISPR Guide Capture,ENSG00000147862,NFIB
NFIB_+_14314562.23-P1P2,NFIB_+_14314562.23-P1P2,R2,(BC)GTTTAAGAGCTAAGCTGGAA,GAGCTCGAGCGGGGTCCAGA,CRISPR Guide Capture,ENSG00000147862,NFIB
NFIB_-_14314072.23-P1P2,NFIB_-_14314072.23-P1P2,R2,(BC)GTTTAAGAGCTAAGCTGGAA,GCTGCGGCAGGATCCCGGAG,CRISPR Guide Capture,ENSG00000147862,NFIB
ZNF148_-_125093949.23-P1P2,ZNF148_-_125093949.23-P1P2,R2,(BC)GTTTAAGAGCTAAGCTGGAA,GCAGGCCGAGCGCTTTACCG,CRISPR Guide Capture,ENSG00000163848,ZNF148
ZNF148_+_125093932.23-P1P2,ZNF148_+_125093932.23-P1P2,R2,(BC)GTTTAAGAGCTAAGCTGGAA,GCCGCCCGCGGTAAAGCGCT,CRISPR Guide Capture,ENSG00000163848,ZNF148
ZNF148_+_125093703.23-P1P2,ZNF148_+_125093703.23-P1P2,R2,(BC)GTTTAAGAGCTAAGCTGGAA,GGGAGGGATAATGACGGGGG,CRISPR Guide Capture,ENSG00000163848,ZNF148
NR4A2_+_157189215.23-P1,NR4A2_+_157189215.23-P1,R2,(BC)GTTTAAGAGCTAAGCTGGAA,GGCGCAAGCCACATAAACAA,CRISPR Guide Capture,ENSG00000153234,NR4A2
NR4A2_-_157189197.23-P1,NR4A2_-_157189197.23-P1,R2,(BC)GTTTAAGAGCTAAGCTGGAA,GCGCGAGCCGCCGGGCGGAC,CRISPR Guide Capture,ENSG00000153234,NR4A2
NR4A2_-_157189192.23-P1,NR4A2_-_157189192.23-P1,R2,(BC)GTTTAAGAGCTAAGCTGGAA,GCCGTGCGCGAGCCGCCGGG,CRISPR Guide Capture,ENSG00000153234,NR4A2
NR4A2_+_157198927.23-P2,NR4A2_+_157198927.23-P2,R2,(BC)GTTTAAGAGCTAAGCTGGAA,GGCCGGACGCCGGCGACAAT,CRISPR Guide Capture,ENSG00000153234,NR4A2
NR4A2_-_157198730.23-P2,NR4A2_-_157198730.23-P2,R2,(BC)GTTTAAGAGCTAAGCTGGAA,GACGCGGGAAGTGAAAGCGG,CRISPR Guide Capture,ENSG00000153234,NR4A2
NR4A2_-_157198849.23-P2,NR4A2_-_157198849.23-P2,R2,(BC)GTTTAAGAGCTAAGCTGGAA,GGGTCGCGGCCGACCAAGAA,CRISPR Guide Capture,ENSG00000153234,NR4A2
EMX1_-_73143487.23-P2,EMX1_-_73143487.23-P2,R2,(BC)GTTTAAGAGCTAAGCTGGAA,GAGGCCGCTAGAATGGACCC,CRISPR Guide Capture,ENSG00000135638,EMX1
EMX1_-_73143493.23-P2,EMX1_-_73143493.23-P2,R2,(BC)GTTTAAGAGCTAAGCTGGAA,GCTAGAATGGACCCCGGCAG,CRISPR Guide Capture,ENSG00000135638,EMX1
EMX1_-_73143516.23-P2,EMX1_-_73143516.23-P2,R2,(BC)GTTTAAGAGCTAAGCTGGAA,GGAGGAAGCGGAACTCTCTG,CRISPR Guide Capture,ENSG00000135638,EMX1
EMX1_-_73144708.23-P1,EMX1_-_73144708.23-P1,R2,(BC)GTTTAAGAGCTAAGCTGGAA,GGGCAGTGCGGGGACACCGG,CRISPR Guide Capture,ENSG00000135638,EMX1
EMX1_+_73144641.23-P1,EMX1_+_73144641.23-P1,R2,(BC)GTTTAAGAGCTAAGCTGGAA,GCTGCGAGGCGCGAGTTAGC,CRISPR Guide Capture,ENSG00000135638,EMX1
EMX1_+_73144756.23-P1,EMX1_+_73144756.23-P1,R2,(BC)GTTTAAGAGCTAAGCTGGAA,GAGCTGCCAGTAAGGCCCGA,CRISPR Guide Capture,ENSG00000135638,EMX1
MEF2C_-_88178969.23-P1P2,MEF2C_-_88178969.23-P1P2,R2,(BC)GTTTAAGAGCTAAGCTGGAA,GTAGCAGCCCGAAGATGTCT,CRISPR Guide Capture,ENSG00000081189,MEF2C
MEF2C_-_88178777.23-P1P2,MEF2C_-_88178777.23-P1P2,R2,(BC)GTTTAAGAGCTAAGCTGGAA,GATCAGGGGTACTTACATGA,CRISPR Guide Capture,ENSG00000081189,MEF2C
MEF2C_-_88179122.23-P1P2,MEF2C_-_88179122.23-P1P2,R2,(BC)GTTTAAGAGCTAAGCTGGAA,GCGCCGAGGCCGCTCGGAAG,CRISPR Guide Capture,ENSG00000081189,MEF2C
SOX5_+_24102757.23-ENST00000309359.1,SOX5_+_24102757.23-ENST00000309359.1,R2,(BC)GTTTAAGAGCTAAGCTGGAA,GAGACTGGTCAAGGAGTCCT,CRISPR Guide Capture,ENSG00000134532,SOX5
SOX5_+_24102766.23-ENST00000309359.1,SOX5_+_24102766.23-ENST00000309359.1,R2,(BC)GTTTAAGAGCTAAGCTGGAA,GCCCTTTAAGAGACTGGTCA,CRISPR Guide Capture,ENSG00000134532,SOX5
SOX5_-_24102523.23-ENST00000309359.1,SOX5_-_24102523.23-ENST00000309359.1,R2,(BC)GTTTAAGAGCTAAGCTGGAA,GAAACTCCTGAGGTAAATCA,CRISPR Guide Capture,ENSG00000134532,SOX5
SOX5_CATCTCCAGTCTCCTCCCGG,SOX5_CATCTCCAGTCTCCTCCCGG,R2,(BC)GTTTAAGAGCTAAGCTGGAA,GATCTCCAGTCTCCTCCCGG,CRISPR Guide Capture,ENSG00000134532,SOX5
SOX5_CCCGGGAGGAGACTGGAGAT,SOX5_CCCGGGAGGAGACTGGAGAT,R2,(BC)GTTTAAGAGCTAAGCTGGAA,GCCGGGAGGAGACTGGAGAT,CRISPR Guide Capture,ENSG00000134532,SOX5
SOX5_GATGCAAAGTGGCACAGAGG,SOX5_GATGCAAAGTGGCACAGAGG,R2,(BC)GTTTAAGAGCTAAGCTGGAA,GATGCAAAGTGGCACAGAGG,CRISPR Guide Capture,ENSG00000134532,SOX5
POU2F1_-_167190311.23-P1,POU2F1_-_167190311.23-P1,R2,(BC)GTTTAAGAGCTAAGCTGGAA,GATTATTATAATTAACGGCG,CRISPR Guide Capture,ENSG00000143190,POU2F1
POU2F1_-_167190144.23-P1,POU2F1_-_167190144.23-P1,R2,(BC)GTTTAAGAGCTAAGCTGGAA,GAAATATTCAAAATGGCGGA,CRISPR Guide Capture,ENSG00000143190,POU2F1
POU2F1_-_167190182.23-P1,POU2F1_-_167190182.23-P1,R2,(BC)GTTTAAGAGCTAAGCTGGAA,GGATGAGAGTTCAGCCGCGG,CRISPR Guide Capture,ENSG00000143190,POU2F1
POU2F1_+_167298357.23-P2,POU2F1_+_167298357.23-P2,R2,(BC)GTTTAAGAGCTAAGCTGGAA,GGGGTGGAAAGTGGATTAAG,CRISPR Guide Capture,ENSG00000143190,POU2F1
POU2F1_+_167298386.23-P2,POU2F1_+_167298386.23-P2,R2,(BC)GTTTAAGAGCTAAGCTGGAA,GTTCTTAAGCGAAAAGAGGG,CRISPR Guide Capture,ENSG00000143190,POU2F1
POU2F1_+_167298377.23-P2,POU2F1_+_167298377.23-P2,R2,(BC)GTTTAAGAGCTAAGCTGGAA,GGAAAAGAGGGGGGTTGCGT,CRISPR Guide Capture,ENSG00000143190,POU2F1
ZNF219_-_21566777.23-P1P2,ZNF219_-_21566777.23-P1P2,R2,(BC)GTTTAAGAGCTAAGCTGGAA,GGGACCCCGGGAGCCGCGAG,CRISPR Guide Capture,ENSG00000165804,ZNF219
ZNF219_+_21566230.23-P1P2,ZNF219_+_21566230.23-P1P2,R2,(BC)GTTTAAGAGCTAAGCTGGAA,GGAGAGCTGGGGGGCCCCAA,CRISPR Guide Capture,ENSG00000165804,ZNF219
ZNF219_-_21566780.23-P1P2,ZNF219_-_21566780.23-P1P2,R2,(BC)GTTTAAGAGCTAAGCTGGAA,GCCCCGGGAGCCGCGAGAGG,CRISPR Guide Capture,ENSG00000165804,ZNF219
RFX2_-_6110497.23-P1P2,RFX2_-_6110497.23-P1P2,R2,(BC)GTTTAAGAGCTAAGCTGGAA,GTGGTAAGTAACAGTCTCCA,CRISPR Guide Capture,ENSG00000087903,RFX2
RFX2_+_6110492.23-P1P2,RFX2_+_6110492.23-P1P2,R2,(BC)GTTTAAGAGCTAAGCTGGAA,GGCCATAGAGACTGTAGCCG,CRISPR Guide Capture,ENSG00000087903,RFX2
RFX2_-_6110478.23-P1P2,RFX2_-_6110478.23-P1P2,R2,(BC)GTTTAAGAGCTAAGCTGGAA,GGCTGCGTGTTGGTCCCCGT,CRISPR Guide Capture,ENSG00000087903,RFX2
E2F1_-_32274108.23-P1P2,E2F1_-_32274108.23-P1P2,R2,(BC)GTTTAAGAGCTAAGCTGGAA,GCGGCCCGGGTGACAGGCGG,CRISPR Guide Capture,ENSG00000101412,E2F1
E2F1_-_32273754.23-P1P2,E2F1_-_32273754.23-P1P2,R2,(BC)GTTTAAGAGCTAAGCTGGAA,GCCAAACACGGCGCCCTCCC,CRISPR Guide Capture,ENSG00000101412,E2F1
E2F1_+_32273794.23-P1P2,E2F1_+_32273794.23-P1P2,R2,(BC)GTTTAAGAGCTAAGCTGGAA,GCCCGCCGGTACGGACCCCA,CRISPR Guide Capture,ENSG00000101412,E2F1
JUN_-_59249500.23-P1P2,JUN_-_59249500.23-P1P2,R2,(BC)GTTTAAGAGCTAAGCTGGAA,GAGCAGGGCTCTCCTCCCGG,CRISPR Guide Capture,ENSG00000177606,JUN
JUN_+_59249679.23-P1P2,JUN_+_59249679.23-P1P2,R2,(BC)GTTTAAGAGCTAAGCTGGAA,GTGTGGCTGAAGCAGCGAGG,CRISPR Guide Capture,ENSG00000177606,JUN
JUN_+_59249682.23-P1P2,JUN_+_59249682.23-P1P2,R2,(BC)GTTTAAGAGCTAAGCTGGAA,GGAGTGTGGCTGAAGCAGCG,CRISPR Guide Capture,ENSG00000177606,JUN
KAT7_-_47866093.23-P1P2,KAT7_-_47866093.23-P1P2,R2,(BC)GTTTAAGAGCTAAGCTGGAA,GGGCACTAGGGATCGTCCGC,CRISPR Guide Capture,ENSG00000136504,KAT7
KAT7_-_47866099.23-P1P2,KAT7_-_47866099.23-P1P2,R2,(BC)GTTTAAGAGCTAAGCTGGAA,GAGGGATCGTCCGCAGGATT,CRISPR Guide Capture,ENSG00000136504,KAT7
KAT7_+_47866087.23-P1P2,KAT7_+_47866087.23-P1P2,R2,(BC)GTTTAAGAGCTAAGCTGGAA,GTGTATCAGTCCCAATCCTG,CRISPR Guide Capture,ENSG00000136504,KAT7
NEUROD2_-_37763998.23-P1P2,NEUROD2_-_37763998.23-P1P2,R2,(BC)GTTTAAGAGCTAAGCTGGAA,GTACCTCGGAGAGGAGTCAA,CRISPR Guide Capture,ENSG00000171532,NEUROD2
NEUROD2_-_37764227.23-P1P2,NEUROD2_-_37764227.23-P1P2,R2,(BC)GTTTAAGAGCTAAGCTGGAA,GTATGGGCTTGGCACGTCAC,CRISPR Guide Capture,ENSG00000171532,NEUROD2
NEUROD2_-_37764165.23-P1P2,NEUROD2_-_37764165.23-P1P2,R2,(BC)GTTTAAGAGCTAAGCTGGAA,GGCGAACCGCGGAGCGAGTG,CRISPR Guide Capture,ENSG00000171532,NEUROD2
FOS_+_75745519.23-P1,FOS_+_75745519.23-P1,R2,(BC)GTTTAAGAGCTAAGCTGGAA,GCAGATGCGGTTGGAGTACG,CRISPR Guide Capture,ENSG00000170345,FOS
FOS_+_75745528.23-P1,FOS_+_75745528.23-P1,R2,(BC)GTTTAAGAGCTAAGCTGGAA,GTGCTCGCTGCAGATGCGGT,CRISPR Guide Capture,ENSG00000170345,FOS
FOS_+_75745633.23-P1,FOS_+_75745633.23-P1,R2,(BC)GTTTAAGAGCTAAGCTGGAA,GCCGAGGGGCGGAGACAGGT,CRISPR Guide Capture,ENSG00000170345,FOS
PHF21A_+_46143021.23-P1P2,PHF21A_+_46143021.23-P1P2,R2,(BC)GTTTAAGAGCTAAGCTGGAA,GCCTGGGCGGAGGGATCCCC,CRISPR Guide Capture,ENSG00000135365,PHF21A
PHF21A_-_46142515.23-P1P2,PHF21A_-_46142515.23-P1P2,R2,(BC)GTTTAAGAGCTAAGCTGGAA,GGCTGGCTGGCTGTCCCCCC,CRISPR Guide Capture,ENSG00000135365,PHF21A
PHF21A_+_46142971.23-P1P2,PHF21A_+_46142971.23-P1P2,R2,(BC)GTTTAAGAGCTAAGCTGGAA,GGGCCGGGTGGTGAATGGGC,CRISPR Guide Capture,ENSG00000135365,PHF21A
TCF7L1_+_85360588.23-P1P2,TCF7L1_+_85360588.23-P1P2,R2,(BC)GTTTAAGAGCTAAGCTGGAA,GTCCGGCAGCGCCGAGCCTA,CRISPR Guide Capture,ENSG00000152284,TCF7L1
TCF7L1_-_85360999.23-P1P2,TCF7L1_-_85360999.23-P1P2,R2,(BC)GTTTAAGAGCTAAGCTGGAA,GGCGCAGCGGGACCTAGACG,CRISPR Guide Capture,ENSG00000152284,TCF7L1
TCF7L1_-_85360727.23-P1P2,TCF7L1_-_85360727.23-P1P2,R2,(BC)GTTTAAGAGCTAAGCTGGAA,GCAGCGGGCCCGCAAGCGGG,CRISPR Guide Capture,ENSG00000152284,TCF7L1
TFAP2C_-_55204421.23-P1P2,TFAP2C_-_55204421.23-P1P2,R2,(BC)GTTTAAGAGCTAAGCTGGAA,GGCGGTCTTGACACTCGCGG,CRISPR Guide Capture,ENSG00000087510,TFAP2C
TFAP2C_-_55204377.23-P1P2,TFAP2C_-_55204377.23-P1P2,R2,(BC)GTTTAAGAGCTAAGCTGGAA,GTCGCCAGGACACACTGTTC,CRISPR Guide Capture,ENSG00000087510,TFAP2C
TFAP2C_+_55204782.23-P1P2,TFAP2C_+_55204782.23-P1P2,R2,(BC)GTTTAAGAGCTAAGCTGGAA,GCCCGCAGAAATGGACTAAG,CRISPR Guide Capture,ENSG00000087510,TFAP2C
SOX9_-_70117175.23-P1P2,SOX9_-_70117175.23-P1P2,R2,(BC)GTTTAAGAGCTAAGCTGGAA,GGGAGTTGGAGAGCCGAAAG,CRISPR Guide Capture,ENSG00000125398,SOX9
SOX9_-_70117192.23-P1P2,SOX9_-_70117192.23-P1P2,R2,(BC)GTTTAAGAGCTAAGCTGGAA,GAGCGGAGCTCGAAACTGAC,CRISPR Guide Capture,ENSG00000125398,SOX9
SOX9_+_70117325.23-P1P2,SOX9_+_70117325.23-P1P2,R2,(BC)GTTTAAGAGCTAAGCTGGAA,GAGCTGCCCGCTCCAAGTGG,CRISPR Guide Capture,ENSG00000125398,SOX9
ZNF281_+_200379151.23-P1P2,ZNF281_+_200379151.23-P1P2,R2,(BC)GTTTAAGAGCTAAGCTGGAA,GCGGCTGCGCAGTACACGGG,CRISPR Guide Capture,ENSG00000162702,ZNF281
ZNF281_+_200378992.23-P1P2,ZNF281_+_200378992.23-P1P2,R2,(BC)GTTTAAGAGCTAAGCTGGAA,GCCATGCGTGCCGGTGCCGG,CRISPR Guide Capture,ENSG00000162702,ZNF281
ZNF281_+_200378777.23-P1P2,ZNF281_+_200378777.23-P1P2,R2,(BC)GTTTAAGAGCTAAGCTGGAA,GGAGGTACCGGCAGTAGCGG,CRISPR Guide Capture,ENSG00000162702,ZNF281
KLF3_+_38665785.23-P1P2,KLF3_+_38665785.23-P1P2,R2,(BC)GTTTAAGAGCTAAGCTGGAA,GGGGCTGGCGGGGTAAGTAG,CRISPR Guide Capture,ENSG00000109787,KLF3
KLF3_-_38665813.23-P1P2,KLF3_-_38665813.23-P1P2,R2,(BC)GTTTAAGAGCTAAGCTGGAA,GTTACCCCGCCAGCCCCGGG,CRISPR Guide Capture,ENSG00000109787,KLF3
KLF3_+_38665832.23-P1P2,KLF3_+_38665832.23-P1P2,R2,(BC)GTTTAAGAGCTAAGCTGGAA,GCCGGGCAGTCACATGACGC,CRISPR Guide Capture,ENSG00000109787,KLF3
ARX_+_25034044.23-P1,ARX_+_25034044.23-P1,R2,(BC)GTTTAAGAGCTAAGCTGGAA,GCTTGTCCTGAGCGCGGAGA,CRISPR Guide Capture,ENSG00000004848,ARX
ARX_-_25033780.23-P1,ARX_-_25033780.23-P1,R2,(BC)GTTTAAGAGCTAAGCTGGAA,GATGCTGTCGATGCAGTAGG,CRISPR Guide Capture,ENSG00000004848,ARX
ARX_+_25033832.23-P1,ARX_+_25033832.23-P1,R2,(BC)GTTTAAGAGCTAAGCTGGAA,GATGAGCAATCAGTACCAGG,CRISPR Guide Capture,ENSG00000004848,ARX
DEAF1_+_695040.23-P1P2,DEAF1_+_695040.23-P1P2,R2,(BC)GTTTAAGAGCTAAGCTGGAA,GCTCGGCGGAGTCCGGATGG,CRISPR Guide Capture,ENSG00000177030,DEAF1
DEAF1_+_695034.23-P1P2,DEAF1_+_695034.23-P1P2,R2,(BC)GTTTAAGAGCTAAGCTGGAA,GGGAGTCCGGATGGAGGACT,CRISPR Guide Capture,ENSG00000177030,DEAF1
DEAF1_+_695054.23-P1P2,DEAF1_+_695054.23-P1P2,R2,(BC)GTTTAAGAGCTAAGCTGGAA,GCGCCTTCGGGAAGGCTCGG,CRISPR Guide Capture,ENSG00000177030,DEAF1
BHLHE22_-_65492946.23-P1P2,BHLHE22_-_65492946.23-P1P2,R2,(BC)GTTTAAGAGCTAAGCTGGAA,GAAGACTCCCCCGTCTGTGG,CRISPR Guide Capture,ENSG00000180828,BHLHE22
BHLHE22_+_65492932.23-P1P2,BHLHE22_+_65492932.23-P1P2,R2,(BC)GTTTAAGAGCTAAGCTGGAA,GACAGCCGCCGCCACAGACG,CRISPR Guide Capture,ENSG00000180828,BHLHE22
BHLHE22_-_65493007.23-P1P2,BHLHE22_-_65493007.23-P1P2,R2,(BC)GTTTAAGAGCTAAGCTGGAA,GCCAAGCAAGATAAACGGTG,CRISPR Guide Capture,ENSG00000180828,BHLHE22
SOX2_-_181429716.23-P1P2,SOX2_-_181429716.23-P1P2,R2,(BC)GTTTAAGAGCTAAGCTGGAA,GACAGCCCCCGTCACATGGA,CRISPR Guide Capture,ENSG00000181449,SOX2
SOX2_+_181429802.23-P1P2,SOX2_+_181429802.23-P1P2,R2,(BC)GTTTAAGAGCTAAGCTGGAA,GCTCAGTCCTAGTCTTAAAG,CRISPR Guide Capture,ENSG00000181449,SOX2
SOX2_-_181430206.23-P1P2,SOX2_-_181430206.23-P1P2,R2,(BC)GTTTAAGAGCTAAGCTGGAA,GGCCCGCAGCAAACTTCGGG,CRISPR Guide Capture,ENSG00000181449,SOX2
MEIS2_+_37392422.23-P1P2,MEIS2_+_37392422.23-P1P2,R2,(BC)GTTTAAGAGCTAAGCTGGAA,GGAGAGACAAAATACCTACC,CRISPR Guide Capture,ENSG00000134138,MEIS2
MEIS2_-_37392600.23-P1P2,MEIS2_-_37392600.23-P1P2,R2,(BC)GTTTAAGAGCTAAGCTGGAA,GTTATTGAAGAGCCTCAGTT,CRISPR Guide Capture,ENSG00000134138,MEIS2
MEIS2_-_37392689.23-P1P2,MEIS2_-_37392689.23-P1P2,R2,(BC)GTTTAAGAGCTAAGCTGGAA,GTACGGCGGAGACACATCCC,CRISPR Guide Capture,ENSG00000134138,MEIS2
TCF3_+_1652583.23-P1P2,TCF3_+_1652583.23-P1P2,R2,(BC)GTTTAAGAGCTAAGCTGGAA,GCTCCCGCCGCAGGAAGATG,CRISPR Guide Capture,ENSG00000071564,TCF3
TCF3_+_1652574.23-P1P2,TCF3_+_1652574.23-P1P2,R2,(BC)GTTTAAGAGCTAAGCTGGAA,GCAGGAAGATGAGGCAGCGG,CRISPR Guide Capture,ENSG00000071564,TCF3
TCF3_+_1652556.23-P1P2,TCF3_+_1652556.23-P1P2,R2,(BC)GTTTAAGAGCTAAGCTGGAA,GGCGGCGGCTGCGGGCGTAG,CRISPR Guide Capture,ENSG00000071564,TCF3
NEUROD6_+_31380285.23-P1P2,NEUROD6_+_31380285.23-P1P2,R2,(BC)GTTTAAGAGCTAAGCTGGAA,GACACAGATCTAGAGACTCC,CRISPR Guide Capture,ENSG00000164600,NEUROD6
NEUROD6_+_31380357.23-P1P2,NEUROD6_+_31380357.23-P1P2,R2,(BC)GTTTAAGAGCTAAGCTGGAA,GATGGCATGGGTACCAGCTC,CRISPR Guide Capture,ENSG00000164600,NEUROD6
NEUROD6_+_31380252.23-P1P2,NEUROD6_+_31380252.23-P1P2,R2,(BC)GTTTAAGAGCTAAGCTGGAA,GCACTCAGCCTGAAAAGATT,CRISPR Guide Capture,ENSG00000164600,NEUROD6
ATF7_+_54019710.23-P1P2,ATF7_+_54019710.23-P1P2,R2,(BC)GTTTAAGAGCTAAGCTGGAA,GAAGTAGCCCCGGGGGGCAC,CRISPR Guide Capture,ENSG00000170653,ATF7
ATF7_+_54019638.23-P1P2,ATF7_+_54019638.23-P1P2,R2,(BC)GTTTAAGAGCTAAGCTGGAA,GAGCCTAATGGAAGGATCAT,CRISPR Guide Capture,ENSG00000170653,ATF7
ATF7_+_54020103.23-P1P2,ATF7_+_54020103.23-P1P2,R2,(BC)GTTTAAGAGCTAAGCTGGAA,GGGAGCTGGAGACAGATTGT,CRISPR Guide Capture,ENSG00000170653,ATF7
KLF11_-_10183897.23-P1P2,KLF11_-_10183897.23-P1P2,R2,(BC)GTTTAAGAGCTAAGCTGGAA,GGCGCGCGCAGTGAGTGGTG,CRISPR Guide Capture,ENSG00000172059,KLF11
KLF11_+_10183771.23-P1P2,KLF11_+_10183771.23-P1P2,R2,(BC)GTTTAAGAGCTAAGCTGGAA,GCGCAGCAGCGGCCGCACGT,CRISPR Guide Capture,ENSG00000172059,KLF11
KLF11_-_10183744.23-P1P2,KLF11_-_10183744.23-P1P2,R2,(BC)GTTTAAGAGCTAAGCTGGAA,GGTGCCGGCCGCAGGAGCTC,CRISPR Guide Capture,ENSG00000172059,KLF11
ZBTB20_+_114866114.23-P2,ZBTB20_+_114866114.23-P2,R2,(BC)GTTTAAGAGCTAAGCTGGAA,GCCTTCTGCCGAAGAAGTAG,CRISPR Guide Capture,ENSG00000181722,ZBTB20
ZBTB20_-_114865817.23-P2,ZBTB20_-_114865817.23-P2,R2,(BC)GTTTAAGAGCTAAGCTGGAA,GAGCCGCCGGGCGCTAAGAA,CRISPR Guide Capture,ENSG00000181722,ZBTB20
ZBTB20_+_114866111.23-P2,ZBTB20_+_114866111.23-P2,R2,(BC)GTTTAAGAGCTAAGCTGGAA,GTCTGCCGAAGAAGTAGGGG,CRISPR Guide Capture,ENSG00000181722,ZBTB20
TCF12_+_57210896.23-P1,TCF12_+_57210896.23-P1,R2,(BC)GTTTAAGAGCTAAGCTGGAA,GCCCCCCGAATAGAACTTGT,CRISPR Guide Capture,ENSG00000140262,TCF12
TCF12_-_57210916.23-P1,TCF12_-_57210916.23-P1,R2,(BC)GTTTAAGAGCTAAGCTGGAA,GACCCACAAGTTCTATTCGG,CRISPR Guide Capture,ENSG00000140262,TCF12
TCF12_-_57210936.23-P1,TCF12_-_57210936.23-P1,R2,(BC)GTTTAAGAGCTAAGCTGGAA,GGGGACCGACAGCCCGCCCC,CRISPR Guide Capture,ENSG00000140262,TCF12
CTCF_+_67596356.23-P1P2,CTCF_+_67596356.23-P1P2,R2,(BC)GTTTAAGAGCTAAGCTGGAA,GCCGGCCGGGCGGCGAGTAG,CRISPR Guide Capture,ENSG00000102974,CTCF
CTCF_-_67596515.23-P1P2,CTCF_-_67596515.23-P1P2,R2,(BC)GTTTAAGAGCTAAGCTGGAA,GCGCGGAGCTGCTTCTTTGG,CRISPR Guide Capture,ENSG00000102974,CTCF
CTCF_+_67596661.23-P1P2,CTCF_+_67596661.23-P1P2,R2,(BC)GTTTAAGAGCTAAGCTGGAA,GCCATCGTGACACCTAGAGG,CRISPR Guide Capture,ENSG00000102974,CTCF
TBR1_+_162272992.23-P1P2,TBR1_+_162272992.23-P1P2,R2,(BC)GTTTAAGAGCTAAGCTGGAA,GCTCGGATCCGCCTGAATGT,CRISPR Guide Capture,ENSG00000136535,TBR1
TBR1_-_162272898.23-P1P2,TBR1_-_162272898.23-P1P2,R2,(BC)GTTTAAGAGCTAAGCTGGAA,GTTAAAAACCAGGGACGGGA,CRISPR Guide Capture,ENSG00000136535,TBR1
TBR1_-_162273149.23-P1P2,TBR1_-_162273149.23-P1P2,R2,(BC)GTTTAAGAGCTAAGCTGGAA,GGACTCCAAGGACTCACCAG,CRISPR Guide Capture,ENSG00000136535,TBR1
SATB2_-_200323400.23-P1P2,SATB2_-_200323400.23-P1P2,R2,(BC)GTTTAAGAGCTAAGCTGGAA,GGACGCGCAAGAGGCGACCG,CRISPR Guide Capture,ENSG00000119042,SATB2
SATB2_-_200323367.23-P1P2,SATB2_-_200323367.23-P1P2,R2,(BC)GTTTAAGAGCTAAGCTGGAA,GTGGGTGCCGCGTCTGCCGG,CRISPR Guide Capture,ENSG00000119042,SATB2
SATB2_+_200322622.23-P1P2,SATB2_+_200322622.23-P1P2,R2,(BC)GTTTAAGAGCTAAGCTGGAA,GTGGCAGAGGCGGCCGAGAG,CRISPR Guide Capture,ENSG00000119042,SATB2
POU3F1_+_38512447.23-P1P2,POU3F1_+_38512447.23-P1P2,R2,(BC)GTTTAAGAGCTAAGCTGGAA,GGCCCGCAGACGGAGCGGAG,CRISPR Guide Capture,ENSG00000185668,POU3F1
POU3F1_+_38512374.23-P1P2,POU3F1_+_38512374.23-P1P2,R2,(BC)GTTTAAGAGCTAAGCTGGAA,GACCTGCCGCGGGGCCCCGG,CRISPR Guide Capture,ENSG00000185668,POU3F1
POU3F1_+_38512137.23-P1P2,POU3F1_+_38512137.23-P1P2,R2,(BC)GTTTAAGAGCTAAGCTGGAA,GGCGGCCCGCACCTAGAACA,CRISPR Guide Capture,ENSG00000185668,POU3F1
SOX6_-_16362774.23-ENST00000316399.6,SOX6_-_16362774.23-ENST00000316399.6,R2,(BC)GTTTAAGAGCTAAGCTGGAA,GGCTGCACAGGCAAATGGAG,CRISPR Guide Capture,ENSG00000110693,SOX6
SOX6_+_16362742.23-ENST00000316399.6,SOX6_+_16362742.23-ENST00000316399.6,R2,(BC)GTTTAAGAGCTAAGCTGGAA,GGCCTGTGCAGCTGATGGAG,CRISPR Guide Capture,ENSG00000110693,SOX6
SOX6_-_16362786.23-ENST00000316399.6,SOX6_-_16362786.23-ENST00000316399.6,R2,(BC)GTTTAAGAGCTAAGCTGGAA,GAATGGAGAGGTGGCTTGCT,CRISPR Guide Capture,ENSG00000110693,SOX6
POU3F2_-_99282954.23-P1P2,POU3F2_-_99282954.23-P1P2,R2,(BC)GTTTAAGAGCTAAGCTGGAA,GTCACCGCGCTGTCCCACGG,CRISPR Guide Capture,ENSG00000184486,POU3F2
POU3F2_+_99282417.23-P1P2,POU3F2_+_99282417.23-P1P2,R2,(BC)GTTTAAGAGCTAAGCTGGAA,GTGGCAGCGCCGGCTCGCAG,CRISPR Guide Capture,ENSG00000184486,POU3F2
POU3F2_-_99282825.23-P1P2,POU3F2_-_99282825.23-P1P2,R2,(BC)GTTTAAGAGCTAAGCTGGAA,GTGCACGCCGAGCCGCCCGG,CRISPR Guide Capture,ENSG00000184486,POU3F2
ASCL1_-_103351499.23-P1P2,ASCL1_-_103351499.23-P1P2,R2,(BC)GTTTAAGAGCTAAGCTGGAA,GCGTGGAAGGCGCACCGACA,CRISPR Guide Capture,ENSG00000139352,ASCL1
ASCL1_+_103351491.23-P1P2,ASCL1_+_103351491.23-P1P2,R2,(BC)GTTTAAGAGCTAAGCTGGAA,GTCCCTGGCCGGATCCCTGT,CRISPR Guide Capture,ENSG00000139352,ASCL1
ASCL1_-_103351511.23-P1P2,ASCL1_-_103351511.23-P1P2,R2,(BC)GTTTAAGAGCTAAGCTGGAA,GACCGACAGGGATCCGGCCA,CRISPR Guide Capture,ENSG00000139352,ASCL1
non-targeting_00642,non-targeting_00642,R2,(BC)GTTTAAGAGCTAAGCTGGAA,GGAGTTAAGGCCTCGTCTAG,CRISPR Guide Capture,Non-Targeting,Non-Targeting
non-targeting_00718,non-targeting_00718,R2,(BC)GTTTAAGAGCTAAGCTGGAA,GTCCCAGGCTCTCCACTATG,CRISPR Guide Capture,Non-Targeting,Non-Targeting
non-targeting_03631,non-targeting_03631,R2,(BC)GTTTAAGAGCTAAGCTGGAA,GGACGCGTCTGCAAGAACGT,CRISPR Guide Capture,Non-Targeting,Non-Targeting
non-targeting_03705,non-targeting_03705,R2,(BC)GTTTAAGAGCTAAGCTGGAA,GGGCATGGACCCGCGGCACG,CRISPR Guide Capture,Non-Targeting,Non-Targeting
non-targeting_01469,non-targeting_01469,R2,(BC)GTTTAAGAGCTAAGCTGGAA,GCGTCCGAGGTACTGAATAA,CRISPR Guide Capture,Non-Targeting,Non-Targeting
non-targeting_02459,non-targeting_02459,R2,(BC)GTTTAAGAGCTAAGCTGGAA,GTCTGACTCTCCGTCCACCA,CRISPR Guide Capture,Non-Targeting,Non-Targeting
non-targeting_00166,non-targeting_00166,R2,(BC)GTTTAAGAGCTAAGCTGGAA,GAGCCCCGCCTGGGTACGCG,CRISPR Guide Capture,Non-Targeting,Non-Targeting
non-targeting_01967,non-targeting_01967,R2,(BC)GTTTAAGAGCTAAGCTGGAA,GGGCACCGCCGTTAAAAGTT,CRISPR Guide Capture,Non-Targeting,Non-Targeting
non-targeting_02577,non-targeting_02577,R2,(BC)GTTTAAGAGCTAAGCTGGAA,GCTACAACCGGCGAGCGATA,CRISPR Guide Capture,Non-Targeting,Non-Targeting
non-targeting_00954,non-targeting_00954,R2,(BC)GTTTAAGAGCTAAGCTGGAA,GTAACTGCTACGGCGCCCAA,CRISPR Guide Capture,Non-Targeting,Non-Targeting
non-targeting_02829,non-targeting_02829,R2,(BC)GTTTAAGAGCTAAGCTGGAA,GGGATCAGTGAGGTCGGCCT,CRISPR Guide Capture,Non-Targeting,Non-Targeting
non-targeting_03368,non-targeting_03368,R2,(BC)GTTTAAGAGCTAAGCTGGAA,GGGTTCGAGCCAGAGACCGG,CRISPR Guide Capture,Non-Targeting,Non-Targeting
non-targeting_02691,non-targeting_02691,R2,(BC)GTTTAAGAGCTAAGCTGGAA,GCTATCCTAGACGAAAATCG,CRISPR Guide Capture,Non-Targeting,Non-Targeting
non-targeting_01981,non-targeting_01981,R2,(BC)GTTTAAGAGCTAAGCTGGAA,GCTACCCGGGTAGTGGCGAG,CRISPR Guide Capture,Non-Targeting,Non-Targeting
non-targeting_01227,non-targeting_01227,R2,(BC)GTTTAAGAGCTAAGCTGGAA,GGGTGGCCTGAGCTAGTACA,CRISPR Guide Capture,Non-Targeting,Non-Targeting
non-targeting_03783,non-targeting_03783,R2,(BC)GTTTAAGAGCTAAGCTGGAA,GGAGCTAGGATCGAACGACA,CRISPR Guide Capture,Non-Targeting,Non-Targeting
non-targeting_01498,non-targeting_01498,R2,(BC)GTTTAAGAGCTAAGCTGGAA,GCTTACGAGGGGGCGCTGCT,CRISPR Guide Capture,Non-Targeting,Non-Targeting
non-targeting_03484,non-targeting_03484,R2,(BC)GTTTAAGAGCTAAGCTGGAA,GGGGTGTCGGCAACACCGCG,CRISPR Guide Capture,Non-Targeting,Non-Targeting
non-targeting_03306,non-targeting_03306,R2,(BC)GTTTAAGAGCTAAGCTGGAA,GTGTACGGCCGTATGGAGCT,CRISPR Guide Capture,Non-Targeting,Non-Targeting
non-targeting_01779,non-targeting_01779,R2,(BC)GTTTAAGAGCTAAGCTGGAA,GGGCCCTTGAGGCGGGCCGA,CRISPR Guide Capture,Non-Targeting,Non-Targeting
